<VS><V k="Customer" t="L"><VS k="100001" s=""><V k="_surrogateKey" t="T">100001</V><V k="Customer_id_attribKey" t="N">101</V><V k="_old.Customer.id" t="N">101</V><V k="Customer_fname_attribKey" t="T">Michaels</V><V k="_old.Customer.fname" t="T">Michaels</V><V k="Customer_lname_attribKey" t="T">Devlin</V><V k="_old.Customer.lname" t="T">Devlin</V><V k="Customer_address_attribKey" t="T">3114 Pioneer Avenue</V><V k="_old.Customer.address" t="T">3114 Pioneer Avenue</V><V k="Customer_city_attribKey" t="T">Rutherford</V><V k="_old.Customer.city" t="T">Rutherford</V><V k="Customer_state_attribKey" t="T">NJ</V><V k="_old.Customer.state" t="T">NJ</V><V k="Customer_zip_attribKey" t="T">07070    </V><V k="_old.Customer.zip" t="T">07070    </V><V k="Customer_phone_attribKey" t="T">2015558966</V><V k="_old.Customer.phone" t="T">2015558966</V><V k="Customer_company_name_attribKey" t="T">The Power Group</V><V k="_old.Customer.company_name" t="T">The Power Group</V></VS><VS k="100002" s=""><V k="_surrogateKey" t="T">100002</V><V k="Customer_id_attribKey" t="N">102</V><V k="_old.Customer.id" t="N">102</V><V k="Customer_fname_attribKey" t="T">Beth</V><V k="_old.Customer.fname" t="T">Beth</V><V k="Customer_lname_attribKey" t="T">Reiser</V><V k="_old.Customer.lname" t="T">Reiser</V><V k="Customer_address_attribKey" t="T">1033 Whippany Road </V><V k="_old.Customer.address" t="T">1033 Whippany Road </V><V k="Customer_city_attribKey" t="T">New York</V><V k="_old.Customer.city" t="T">New York</V><V k="Customer_state_attribKey" t="T">NY</V><V k="_old.Customer.state" t="T">NY</V><V k="Customer_zip_attribKey" t="T">10154</V><V k="_old.Customer.zip" t="T">10154</V><V k="Customer_phone_attribKey" t="T">2125558725</V><V k="_old.Customer.phone" t="T">2125558725</V><V k="Customer_company_name_attribKey" t="T">AMF Corp.</V><V k="_old.Customer.company_name" t="T">AMF Corp.</V></VS><VS k="100003" s=""><V k="_surrogateKey" t="T">100003</V><V k="Customer_id_attribKey" t="N">103</V><V k="_old.Customer.id" t="N">103</V><V k="Customer_fname_attribKey" t="T">Erin</V><V k="_old.Customer.fname" t="T">Erin</V><V k="Customer_lname_attribKey" t="T">Niedringhaus</V><V k="_old.Customer.lname" t="T">Niedringhaus</V><V k="Customer_address_attribKey" t="T">1990 Windsor Street </V><V k="_old.Customer.address" t="T">1990 Windsor Street </V><V k="Customer_city_attribKey" t="T">Paoli</V><V k="_old.Customer.city" t="T">Paoli</V><V k="Customer_state_attribKey" t="T">PA</V><V k="_old.Customer.state" t="T">PA</V><V k="Customer_zip_attribKey" t="T">19301</V><V k="_old.Customer.zip" t="T">19301</V><V k="Customer_phone_attribKey" t="T">2155556513</V><V k="_old.Customer.phone" t="T">2155556513</V><V k="Customer_company_name_attribKey" t="T">Darling Associates</V><V k="_old.Customer.company_name" t="T">Darling Associates</V></VS><VS k="100004" s=""><V k="_surrogateKey" t="T">100004</V><V k="Customer_id_attribKey" t="N">104</V><V k="_old.Customer.id" t="N">104</V><V k="Customer_fname_attribKey" t="T">Meghan</V><V k="_old.Customer.fname" t="T">Meghan</V><V k="Customer_lname_attribKey" t="T">Mason</V><V k="_old.Customer.lname" t="T">Mason</V><V k="Customer_address_attribKey" t="T">550 Dundas Street East</V><V k="_old.Customer.address" t="T">550 Dundas Street East</V><V k="Customer_city_attribKey" t="T">Knoxville</V><V k="_old.Customer.city" t="T">Knoxville</V><V k="Customer_state_attribKey" t="T">TN</V><V k="_old.Customer.state" t="T">TN</V><V k="Customer_zip_attribKey" t="T">37919</V><V k="_old.Customer.zip" t="T">37919</V><V k="Customer_phone_attribKey" t="T">6155555463</V><V k="_old.Customer.phone" t="T">6155555463</V><V k="Customer_company_name_attribKey" t="T">P.S.C.</V><V k="_old.Customer.company_name" t="T">P.S.C.</V></VS><VS k="100005" s=""><V k="_surrogateKey" t="T">100005</V><V k="Customer_id_attribKey" t="N">105</V><V k="_old.Customer.id" t="N">105</V><V k="Customer_fname_attribKey" t="T">Laura</V><V k="_old.Customer.fname" t="T">Laura</V><V k="Customer_lname_attribKey" t="T">McCarthy</V><V k="_old.Customer.lname" t="T">McCarthy</V><V k="Customer_address_attribKey" t="T">1210 Highway 36 </V><V k="_old.Customer.address" t="T">1210 Highway 36 </V><V k="Customer_city_attribKey" t="T">Carmel</V><V k="_old.Customer.city" t="T">Carmel</V><V k="Customer_state_attribKey" t="T">IN</V><V k="_old.Customer.state" t="T">IN</V><V k="Customer_zip_attribKey" t="T">46032</V><V k="_old.Customer.zip" t="T">46032</V><V k="Customer_phone_attribKey" t="T">3175558437</V><V k="_old.Customer.phone" t="T">3175558437</V><V k="Customer_company_name_attribKey" t="T">Amo &amp; Sons</V><V k="_old.Customer.company_name" t="T">Amo &amp; Sons</V></VS><VS k="100006" s=""><V k="_surrogateKey" t="T">100006</V><V k="Customer_id_attribKey" t="N">106</V><V k="_old.Customer.id" t="N">106</V><V k="Customer_fname_attribKey" t="T">Paul</V><V k="_old.Customer.fname" t="T">Paul</V><V k="Customer_lname_attribKey" t="T">Phillips</V><V k="_old.Customer.lname" t="T">Phillips</V><V k="Customer_address_attribKey" t="T">2000 Cherry Creek N. Dr. </V><V k="_old.Customer.address" t="T">2000 Cherry Creek N. Dr. </V><V k="Customer_city_attribKey" t="T">Middletown</V><V k="_old.Customer.city" t="T">Middletown</V><V k="Customer_state_attribKey" t="T">CT</V><V k="_old.Customer.state" t="T">CT</V><V k="Customer_zip_attribKey" t="T">64579    </V><V k="_old.Customer.zip" t="T">64579    </V><V k="Customer_phone_attribKey" t="T">2035553464</V><V k="_old.Customer.phone" t="T">2035553464</V><V k="Customer_company_name_attribKey" t="T">Ralston Inc.</V><V k="_old.Customer.company_name" t="T">Ralston Inc.</V></VS><VS k="100007" s=""><V k="_surrogateKey" t="T">100007</V><V k="Customer_id_attribKey" t="N">107</V><V k="_old.Customer.id" t="N">107</V><V k="Customer_fname_attribKey" t="T">Kelly</V><V k="_old.Customer.fname" t="T">Kelly</V><V k="Customer_lname_attribKey" t="T">Colburn</V><V k="_old.Customer.lname" t="T">Colburn</V><V k="Customer_address_attribKey" t="T">18131 Vallco Parkway </V><V k="_old.Customer.address" t="T">18131 Vallco Parkway </V><V k="Customer_city_attribKey" t="T">Raleigh</V><V k="_old.Customer.city" t="T">Raleigh</V><V k="Customer_state_attribKey" t="T">NC</V><V k="_old.Customer.state" t="T">NC</V><V k="Customer_zip_attribKey" t="T">27695-7209</V><V k="_old.Customer.zip" t="T">27695-7209</V><V k="Customer_phone_attribKey" t="T">9195555152</V><V k="_old.Customer.phone" t="T">9195555152</V><V k="Customer_company_name_attribKey" t="T">The Home Club</V><V k="_old.Customer.company_name" t="T">The Home Club</V></VS><VS k="100008" s=""><V k="_surrogateKey" t="T">100008</V><V k="Customer_id_attribKey" t="N">108</V><V k="_old.Customer.id" t="N">108</V><V k="Customer_fname_attribKey" t="T">Matthew</V><V k="_old.Customer.fname" t="T">Matthew</V><V k="Customer_lname_attribKey" t="T">Goforth</V><V k="_old.Customer.lname" t="T">Goforth</V><V k="Customer_address_attribKey" t="T">11801 Wayzata Blvd. </V><V k="_old.Customer.address" t="T">11801 Wayzata Blvd. </V><V k="Customer_city_attribKey" t="T">Chattanooga</V><V k="_old.Customer.city" t="T">Chattanooga</V><V k="Customer_state_attribKey" t="T">TN</V><V k="_old.Customer.state" t="T">TN</V><V k="Customer_zip_attribKey" t="T">37421</V><V k="_old.Customer.zip" t="T">37421</V><V k="Customer_phone_attribKey" t="T">6155558926</V><V k="_old.Customer.phone" t="T">6155558926</V><V k="Customer_company_name_attribKey" t="T">Raleigh Co.</V><V k="_old.Customer.company_name" t="T">Raleigh Co.</V></VS><VS k="100009" s=""><V k="_surrogateKey" t="T">100009</V><V k="Customer_id_attribKey" t="N">109</V><V k="_old.Customer.id" t="N">109</V><V k="Customer_fname_attribKey" t="T">Jessie</V><V k="_old.Customer.fname" t="T">Jessie</V><V k="Customer_lname_attribKey" t="T">Gagliardo</V><V k="_old.Customer.lname" t="T">Gagliardo</V><V k="Customer_address_attribKey" t="T">2800 Park Avenue </V><V k="_old.Customer.address" t="T">2800 Park Avenue </V><V k="Customer_city_attribKey" t="T">Hull</V><V k="_old.Customer.city" t="T">Hull</V><V k="Customer_state_attribKey" t="T">PQ</V><V k="_old.Customer.state" t="T">PQ</V><V k="Customer_zip_attribKey" t="T">K1A 0H3</V><V k="_old.Customer.zip" t="T">K1A 0H3</V><V k="Customer_phone_attribKey" t="T">8195559539</V><V k="_old.Customer.phone" t="T">8195559539</V><V k="Customer_company_name_attribKey" t="T">Newton Ent.</V><V k="_old.Customer.company_name" t="T">Newton Ent.</V></VS><VS k="100010" s=""><V k="_surrogateKey" t="T">100010</V><V k="Customer_id_attribKey" t="N">110</V><V k="_old.Customer.id" t="N">110</V><V k="Customer_fname_attribKey" t="T">Michael</V><V k="_old.Customer.fname" t="T">Michael</V><V k="Customer_lname_attribKey" t="T">Agliori</V><V k="_old.Customer.lname" t="T">Agliori</V><V k="Customer_address_attribKey" t="T">13705 North Glebe Road </V><V k="_old.Customer.address" t="T">13705 North Glebe Road </V><V k="Customer_city_attribKey" t="T">Columbus</V><V k="_old.Customer.city" t="T">Columbus</V><V k="Customer_state_attribKey" t="T">OH</V><V k="_old.Customer.state" t="T">OH</V><V k="Customer_zip_attribKey" t="T">43216</V><V k="_old.Customer.zip" t="T">43216</V><V k="Customer_phone_attribKey" t="T">6145552496</V><V k="_old.Customer.phone" t="T">6145552496</V><V k="Customer_company_name_attribKey" t="T">The Pep Squad</V><V k="_old.Customer.company_name" t="T">The Pep Squad</V></VS><VS k="100011" s=""><V k="_surrogateKey" t="T">100011</V><V k="Customer_id_attribKey" t="N">111</V><V k="_old.Customer.id" t="N">111</V><V k="Customer_fname_attribKey" t="T">Dylan</V><V k="_old.Customer.fname" t="T">Dylan</V><V k="Customer_lname_attribKey" t="T">Ricci</V><V k="_old.Customer.lname" t="T">Ricci</V><V k="Customer_address_attribKey" t="T">14700 Prosperity Avenue </V><V k="_old.Customer.address" t="T">14700 Prosperity Avenue </V><V k="Customer_city_attribKey" t="T">Syracuse</V><V k="_old.Customer.city" t="T">Syracuse</V><V k="Customer_state_attribKey" t="T">NY</V><V k="_old.Customer.state" t="T">NY</V><V k="Customer_zip_attribKey" t="T">13202</V><V k="_old.Customer.zip" t="T">13202</V><V k="Customer_phone_attribKey" t="T">3155554486</V><V k="_old.Customer.phone" t="T">3155554486</V><V k="Customer_company_name_attribKey" t="T">Dynamics Inc.</V><V k="_old.Customer.company_name" t="T">Dynamics Inc.</V></VS><VS k="100012" s=""><V k="_surrogateKey" t="T">100012</V><V k="Customer_id_attribKey" t="N">112</V><V k="_old.Customer.id" t="N">112</V><V k="Customer_fname_attribKey" t="T">Shawn</V><V k="_old.Customer.fname" t="T">Shawn</V><V k="Customer_lname_attribKey" t="T">McDonough</V><V k="_old.Customer.lname" t="T">McDonough</V><V k="Customer_address_attribKey" t="T">15175 S Main Street </V><V k="_old.Customer.address" t="T">15175 S Main Street </V><V k="Customer_city_attribKey" t="T">Brooklyn Park</V><V k="_old.Customer.city" t="T">Brooklyn Park</V><V k="Customer_state_attribKey" t="T">MN</V><V k="_old.Customer.state" t="T">MN</V><V k="Customer_zip_attribKey" t="T">55428</V><V k="_old.Customer.zip" t="T">55428</V><V k="Customer_phone_attribKey" t="T">6125555603</V><V k="_old.Customer.phone" t="T">6125555603</V><V k="Customer_company_name_attribKey" t="T">McManus Inc.</V><V k="_old.Customer.company_name" t="T">McManus Inc.</V></VS><VS k="100013" s=""><V k="_surrogateKey" t="T">100013</V><V k="Customer_id_attribKey" t="N">113</V><V k="_old.Customer.id" t="N">113</V><V k="Customer_fname_attribKey" t="T">Samuel</V><V k="_old.Customer.fname" t="T">Samuel</V><V k="Customer_lname_attribKey" t="T">Kaiser</V><V k="_old.Customer.lname" t="T">Kaiser</V><V k="Customer_address_attribKey" t="T">404 Bristol Street </V><V k="_old.Customer.address" t="T">404 Bristol Street </V><V k="Customer_city_attribKey" t="T">Minneapolis</V><V k="_old.Customer.city" t="T">Minneapolis</V><V k="Customer_state_attribKey" t="T">MN</V><V k="_old.Customer.state" t="T">MN</V><V k="Customer_zip_attribKey" t="T">55041</V><V k="_old.Customer.zip" t="T">55041</V><V k="Customer_phone_attribKey" t="T">6125553409</V><V k="_old.Customer.phone" t="T">6125553409</V><V k="Customer_company_name_attribKey" t="T">Lakes Inc.</V><V k="_old.Customer.company_name" t="T">Lakes Inc.</V></VS><VS k="100014" s=""><V k="_surrogateKey" t="T">100014</V><V k="Customer_id_attribKey" t="N">114</V><V k="_old.Customer.id" t="N">114</V><V k="Customer_fname_attribKey" t="T">Shane</V><V k="_old.Customer.fname" t="T">Shane</V><V k="Customer_lname_attribKey" t="T">Chopp</V><V k="_old.Customer.lname" t="T">Chopp</V><V k="Customer_address_attribKey" t="T">9925 Summer Street </V><V k="_old.Customer.address" t="T">9925 Summer Street </V><V k="Customer_city_attribKey" t="T">St Paul</V><V k="_old.Customer.city" t="T">St Paul</V><V k="Customer_state_attribKey" t="T">MN</V><V k="_old.Customer.state" t="T">MN</V><V k="Customer_zip_attribKey" t="T">55104</V><V k="_old.Customer.zip" t="T">55104</V><V k="Customer_phone_attribKey" t="T">6125556453</V><V k="_old.Customer.phone" t="T">6125556453</V><V k="Customer_company_name_attribKey" t="T">Howard Co.</V><V k="_old.Customer.company_name" t="T">Howard Co.</V></VS><VS k="100015" s=""><V k="_surrogateKey" t="T">100015</V><V k="Customer_id_attribKey" t="N">115</V><V k="_old.Customer.id" t="N">115</V><V k="Customer_fname_attribKey" t="T">Shannon</V><V k="_old.Customer.fname" t="T">Shannon</V><V k="Customer_lname_attribKey" t="T">Phillips</V><V k="_old.Customer.lname" t="T">Phillips</V><V k="Customer_address_attribKey" t="T">20555 Cory Road </V><V k="_old.Customer.address" t="T">20555 Cory Road </V><V k="Customer_city_attribKey" t="T">St Paul</V><V k="_old.Customer.city" t="T">St Paul</V><V k="Customer_state_attribKey" t="T">MN</V><V k="_old.Customer.state" t="T">MN</V><V k="Customer_zip_attribKey" t="T">55114</V><V k="_old.Customer.zip" t="T">55114</V><V k="Customer_phone_attribKey" t="T">6125556425</V><V k="_old.Customer.phone" t="T">6125556425</V><V k="Customer_company_name_attribKey" t="T">Sterling &amp; Co.</V><V k="_old.Customer.company_name" t="T">Sterling &amp; Co.</V></VS><VS k="100016" s=""><V k="_surrogateKey" t="T">100016</V><V k="Customer_id_attribKey" t="N">116</V><V k="_old.Customer.id" t="N">116</V><V k="Customer_fname_attribKey" t="T">Brian</V><V k="_old.Customer.fname" t="T">Brian</V><V k="Customer_lname_attribKey" t="T">Gugliuzza</V><V k="_old.Customer.lname" t="T">Gugliuzza</V><V k="Customer_address_attribKey" t="T">39111 Wyman Street </V><V k="_old.Customer.address" t="T">39111 Wyman Street </V><V k="Customer_city_attribKey" t="T">Mamaroneck</V><V k="_old.Customer.city" t="T">Mamaroneck</V><V k="Customer_state_attribKey" t="T">NY</V><V k="_old.Customer.state" t="T">NY</V><V k="Customer_zip_attribKey" t="T">10543</V><V k="_old.Customer.zip" t="T">10543</V><V k="Customer_phone_attribKey" t="T">9145553817</V><V k="_old.Customer.phone" t="T">9145553817</V><V k="Customer_company_name_attribKey" t="T">Sampson &amp; Sons</V><V k="_old.Customer.company_name" t="T">Sampson &amp; Sons</V></VS><VS k="100017" s=""><V k="_surrogateKey" t="T">100017</V><V k="Customer_id_attribKey" t="N">117</V><V k="_old.Customer.id" t="N">117</V><V k="Customer_fname_attribKey" t="T">Meredith</V><V k="_old.Customer.fname" t="T">Meredith</V><V k="Customer_lname_attribKey" t="T">Morgan</V><V k="_old.Customer.lname" t="T">Morgan</V><V k="Customer_address_attribKey" t="T">9191 Galveston Drive </V><V k="_old.Customer.address" t="T">9191 Galveston Drive </V><V k="Customer_city_attribKey" t="T">Westerville</V><V k="_old.Customer.city" t="T">Westerville</V><V k="Customer_state_attribKey" t="T">OH</V><V k="_old.Customer.state" t="T">OH</V><V k="Customer_zip_attribKey" t="T">43081</V><V k="_old.Customer.zip" t="T">43081</V><V k="Customer_phone_attribKey" t="T">6145558989</V><V k="_old.Customer.phone" t="T">6145558989</V><V k="Customer_company_name_attribKey" t="T">Square Sports</V><V k="_old.Customer.company_name" t="T">Square Sports</V></VS><VS k="100018" s=""><V k="_surrogateKey" t="T">100018</V><V k="Customer_id_attribKey" t="N">118</V><V k="_old.Customer.id" t="N">118</V><V k="Customer_fname_attribKey" t="T">Kristina</V><V k="_old.Customer.fname" t="T">Kristina</V><V k="Customer_lname_attribKey" t="T">Sanford</V><V k="_old.Customer.lname" t="T">Sanford</V><V k="Customer_address_attribKey" t="T">2196th Street </V><V k="_old.Customer.address" t="T">2196th Street </V><V k="Customer_city_attribKey" t="T">Raleigh</V><V k="_old.Customer.city" t="T">Raleigh</V><V k="Customer_state_attribKey" t="T">NC</V><V k="_old.Customer.state" t="T">NC</V><V k="Customer_zip_attribKey" t="T">27695-7209</V><V k="_old.Customer.zip" t="T">27695-7209</V><V k="Customer_phone_attribKey" t="T">9195555152</V><V k="_old.Customer.phone" t="T">9195555152</V><V k="Customer_company_name_attribKey" t="T">Raleigh Active Wear</V><V k="_old.Customer.company_name" t="T">Raleigh Active Wear</V></VS><VS k="100019" s=""><V k="_surrogateKey" t="T">100019</V><V k="Customer_id_attribKey" t="N">119</V><V k="_old.Customer.id" t="N">119</V><V k="Customer_fname_attribKey" t="T">Tomm</V><V k="_old.Customer.fname" t="T">Tomm</V><V k="Customer_lname_attribKey" t="T">Smith</V><V k="_old.Customer.lname" t="T">Smith</V><V k="Customer_address_attribKey" t="T">3 Post Oak Blvd. </V><V k="_old.Customer.address" t="T">3 Post Oak Blvd. </V><V k="Customer_city_attribKey" t="T">South Laguna</V><V k="_old.Customer.city" t="T">South Laguna</V><V k="Customer_state_attribKey" t="T">CA</V><V k="_old.Customer.state" t="T">CA</V><V k="Customer_zip_attribKey" t="T">92677</V><V k="_old.Customer.zip" t="T">92677</V><V k="Customer_phone_attribKey" t="T">7145554996</V><V k="_old.Customer.phone" t="T">7145554996</V><V k="Customer_company_name_attribKey" t="T">Ocean Sports</V><V k="_old.Customer.company_name" t="T">Ocean Sports</V></VS><VS k="100020" s=""><V k="_surrogateKey" t="T">100020</V><V k="Customer_id_attribKey" t="N">120</V><V k="_old.Customer.id" t="N">120</V><V k="Customer_fname_attribKey" t="T">Gertrude</V><V k="_old.Customer.fname" t="T">Gertrude</V><V k="Customer_lname_attribKey" t="T">Stein</V><V k="_old.Customer.lname" t="T">Stein</V><V k="Customer_address_attribKey" t="T">4 Amon Carter Blvd. </V><V k="_old.Customer.address" t="T">4 Amon Carter Blvd. </V><V k="Customer_city_attribKey" t="T">Elmsford</V><V k="_old.Customer.city" t="T">Elmsford</V><V k="Customer_state_attribKey" t="T">NY</V><V k="_old.Customer.state" t="T">NY</V><V k="Customer_zip_attribKey" t="T">10523</V><V k="_old.Customer.zip" t="T">10523</V><V k="Customer_phone_attribKey" t="T">9145553476</V><V k="_old.Customer.phone" t="T">9145553476</V><V k="Customer_company_name_attribKey" t="T">Carney Co.</V><V k="_old.Customer.company_name" t="T">Carney Co.</V></VS><VS k="100021" s=""><V k="_surrogateKey" t="T">100021</V><V k="Customer_id_attribKey" t="N">121</V><V k="_old.Customer.id" t="N">121</V><V k="Customer_fname_attribKey" t="T">Pete</V><V k="_old.Customer.fname" t="T">Pete</V><V k="Customer_lname_attribKey" t="T">Elkins</V><V k="_old.Customer.lname" t="T">Elkins</V><V k="Customer_address_attribKey" t="T">23 Lawerence Street </V><V k="_old.Customer.address" t="T">23 Lawerence Street </V><V k="Customer_city_attribKey" t="T">Carmel</V><V k="_old.Customer.city" t="T">Carmel</V><V k="Customer_state_attribKey" t="T">IN</V><V k="_old.Customer.state" t="T">IN</V><V k="Customer_zip_attribKey" t="T">46032</V><V k="_old.Customer.zip" t="T">46032</V><V k="Customer_phone_attribKey" t="T">3175558437</V><V k="_old.Customer.phone" t="T">3175558437</V><V k="Customer_company_name_attribKey" t="T">Carmel Industries</V><V k="_old.Customer.company_name" t="T">Carmel Industries</V></VS><VS k="100022" s=""><V k="_surrogateKey" t="T">100022</V><V k="Customer_id_attribKey" t="N">122</V><V k="_old.Customer.id" t="N">122</V><V k="Customer_fname_attribKey" t="T">Al</V><V k="_old.Customer.fname" t="T">Al</V><V k="Customer_lname_attribKey" t="T">Dente</V><V k="_old.Customer.lname" t="T">Dente</V><V k="Customer_address_attribKey" t="T">25 N.E. 38th Place </V><V k="_old.Customer.address" t="T">25 N.E. 38th Place </V><V k="Customer_city_attribKey" t="T">McLean</V><V k="_old.Customer.city" t="T">McLean</V><V k="Customer_state_attribKey" t="T">VA</V><V k="_old.Customer.state" t="T">VA</V><V k="Customer_zip_attribKey" t="T">22102</V><V k="_old.Customer.zip" t="T">22102</V><V k="Customer_phone_attribKey" t="T">7035557491</V><V k="_old.Customer.phone" t="T">7035557491</V><V k="Customer_company_name_attribKey" t="T">Virgina Power</V><V k="_old.Customer.company_name" t="T">Virgina Power</V></VS><VS k="100023" s=""><V k="_surrogateKey" t="T">100023</V><V k="Customer_id_attribKey" t="N">123</V><V k="_old.Customer.id" t="N">123</V><V k="Customer_fname_attribKey" t="T">Amanda</V><V k="_old.Customer.fname" t="T">Amanda</V><V k="Customer_lname_attribKey" t="T">Lin</V><V k="_old.Customer.lname" t="T">Lin</V><V k="Customer_address_attribKey" t="T">25 North Pine Grove </V><V k="_old.Customer.address" t="T">25 North Pine Grove </V><V k="Customer_city_attribKey" t="T">Winnipeg</V><V k="_old.Customer.city" t="T">Winnipeg</V><V k="Customer_state_attribKey" t="T">MB</V><V k="_old.Customer.state" t="T">MB</V><V k="Customer_zip_attribKey" t="T">R3C 3V6</V><V k="_old.Customer.zip" t="T">R3C 3V6</V><V k="Customer_phone_attribKey" t="T">2045555559</V><V k="_old.Customer.phone" t="T">2045555559</V><V k="Customer_company_name_attribKey" t="T">North Land Trading</V><V k="_old.Customer.company_name" t="T">North Land Trading</V></VS><VS k="100024" s=""><V k="_surrogateKey" t="T">100024</V><V k="Customer_id_attribKey" t="N">124</V><V k="_old.Customer.id" t="N">124</V><V k="Customer_fname_attribKey" t="T">Fanny</V><V k="_old.Customer.fname" t="T">Fanny</V><V k="Customer_lname_attribKey" t="T">Farmer</V><V k="_old.Customer.lname" t="T">Farmer</V><V k="Customer_address_attribKey" t="T">110 Barnard Lane </V><V k="_old.Customer.address" t="T">110 Barnard Lane </V><V k="Customer_city_attribKey" t="T">Wilmington</V><V k="_old.Customer.city" t="T">Wilmington</V><V k="Customer_state_attribKey" t="T">MA</V><V k="_old.Customer.state" t="T">MA</V><V k="Customer_zip_attribKey" t="T">01887</V><V k="_old.Customer.zip" t="T">01887</V><V k="Customer_phone_attribKey" t="T">6175559386</V><V k="_old.Customer.phone" t="T">6175559386</V><V k="Customer_company_name_attribKey" t="T">The Ristuccia Center</V><V k="_old.Customer.company_name" t="T">The Ristuccia Center</V></VS><VS k="100025" s=""><V k="_surrogateKey" t="T">100025</V><V k="Customer_id_attribKey" t="N">125</V><V k="_old.Customer.id" t="N">125</V><V k="Customer_fname_attribKey" t="T">Sidney</V><V k="_old.Customer.fname" t="T">Sidney</V><V k="Customer_lname_attribKey" t="T">Smelledge</V><V k="_old.Customer.lname" t="T">Smelledge</V><V k="Customer_address_attribKey" t="T">125 Merritt Drive </V><V k="_old.Customer.address" t="T">125 Merritt Drive </V><V k="Customer_city_attribKey" t="T">St. Louis</V><V k="_old.Customer.city" t="T">St. Louis</V><V k="Customer_state_attribKey" t="T">MO</V><V k="_old.Customer.state" t="T">MO</V><V k="Customer_zip_attribKey" t="T">63101</V><V k="_old.Customer.zip" t="T">63101</V><V k="Customer_phone_attribKey" t="T">3145553426</V><V k="_old.Customer.phone" t="T">3145553426</V><V k="Customer_company_name_attribKey" t="T">Bush Pro Shop</V><V k="_old.Customer.company_name" t="T">Bush Pro Shop</V></VS><VS k="100026" s=""><V k="_surrogateKey" t="T">100026</V><V k="Customer_id_attribKey" t="N">126</V><V k="_old.Customer.id" t="N">126</V><V k="Customer_fname_attribKey" t="T">Sam</V><V k="_old.Customer.fname" t="T">Sam</V><V k="Customer_lname_attribKey" t="T">Ovar</V><V k="_old.Customer.lname" t="T">Ovar</V><V k="Customer_address_attribKey" t="T">5 Lindenwood Drive </V><V k="_old.Customer.address" t="T">5 Lindenwood Drive </V><V k="Customer_city_attribKey" t="T">San Francisco</V><V k="_old.Customer.city" t="T">San Francisco</V><V k="Customer_state_attribKey" t="T">CA</V><V k="_old.Customer.state" t="T">CA</V><V k="Customer_zip_attribKey" t="T">94105</V><V k="_old.Customer.zip" t="T">94105</V><V k="Customer_phone_attribKey" t="T">4155555972</V><V k="_old.Customer.phone" t="T">4155555972</V><V k="Customer_company_name_attribKey" t="T">Golden Gate Active Wear</V><V k="_old.Customer.company_name" t="T">Golden Gate Active Wear</V></VS><VS k="100027" s=""><V k="_surrogateKey" t="T">100027</V><V k="Customer_id_attribKey" t="N">127</V><V k="_old.Customer.id" t="N">127</V><V k="Customer_fname_attribKey" t="T">Mary</V><V k="_old.Customer.fname" t="T">Mary</V><V k="Customer_lname_attribKey" t="T">Lamm</V><V k="_old.Customer.lname" t="T">Lamm</V><V k="Customer_address_attribKey" t="T">10 McKinney</V><V k="_old.Customer.address" t="T">10 McKinney</V><V k="Customer_city_attribKey" t="T">Sarasota</V><V k="_old.Customer.city" t="T">Sarasota</V><V k="Customer_state_attribKey" t="T">FL</V><V k="_old.Customer.state" t="T">FL</V><V k="Customer_zip_attribKey" t="T">34243</V><V k="_old.Customer.zip" t="T">34243</V><V k="Customer_phone_attribKey" t="T">8135557566</V><V k="_old.Customer.phone" t="T">8135557566</V><V k="Customer_company_name_attribKey" t="T">The Palms</V><V k="_old.Customer.company_name" t="T">The Palms</V></VS><VS k="100028" s=""><V k="_surrogateKey" t="T">100028</V><V k="Customer_id_attribKey" t="N">128</V><V k="_old.Customer.id" t="N">128</V><V k="Customer_fname_attribKey" t="T">Hardy</V><V k="_old.Customer.fname" t="T">Hardy</V><V k="Customer_lname_attribKey" t="T">Mums</V><V k="_old.Customer.lname" t="T">Mums</V><V k="Customer_address_attribKey" t="T">11 5th Avenue S.W. </V><V k="_old.Customer.address" t="T">11 5th Avenue S.W. </V><V k="Customer_city_attribKey" t="T">Boston</V><V k="_old.Customer.city" t="T">Boston</V><V k="Customer_state_attribKey" t="T">MA</V><V k="_old.Customer.state" t="T">MA</V><V k="Customer_zip_attribKey" t="T">02106</V><V k="_old.Customer.zip" t="T">02106</V><V k="Customer_phone_attribKey" t="T">6175554340</V><V k="_old.Customer.phone" t="T">6175554340</V><V k="Customer_company_name_attribKey" t="T">BoSox Club</V><V k="_old.Customer.company_name" t="T">BoSox Club</V></VS><VS k="100029" s=""><V k="_surrogateKey" t="T">100029</V><V k="Customer_id_attribKey" t="N">129</V><V k="_old.Customer.id" t="N">129</V><V k="Customer_fname_attribKey" t="T">Heinz</V><V k="_old.Customer.fname" t="T">Heinz</V><V k="Customer_lname_attribKey" t="T">Fahrvergnugen</V><V k="_old.Customer.lname" t="T">Fahrvergnugen</V><V k="Customer_address_attribKey" t="T">11 Armagh Street </V><V k="_old.Customer.address" t="T">11 Armagh Street </V><V k="Customer_city_attribKey" t="T">Baltimore</V><V k="_old.Customer.city" t="T">Baltimore</V><V k="Customer_state_attribKey" t="T">MD</V><V k="_old.Customer.state" t="T">MD</V><V k="Customer_zip_attribKey" t="T">21202</V><V k="_old.Customer.zip" t="T">21202</V><V k="Customer_phone_attribKey" t="T">3015553322</V><V k="_old.Customer.phone" t="T">3015553322</V><V k="Customer_company_name_attribKey" t="T">Camden Sports Apparel</V><V k="_old.Customer.company_name" t="T">Camden Sports Apparel</V></VS><VS k="100030" s=""><V k="_surrogateKey" t="T">100030</V><V k="Customer_id_attribKey" t="N">130</V><V k="_old.Customer.id" t="N">130</V><V k="Customer_fname_attribKey" t="T">Sal</V><V k="_old.Customer.fname" t="T">Sal</V><V k="Customer_lname_attribKey" t="T">Monella</V><V k="_old.Customer.lname" t="T">Monella</V><V k="Customer_address_attribKey" t="T">20th Eastlake Avenue  </V><V k="_old.Customer.address" t="T">20th Eastlake Avenue  </V><V k="Customer_city_attribKey" t="T">New Berlin</V><V k="_old.Customer.city" t="T">New Berlin</V><V k="Customer_state_attribKey" t="T">WI</V><V k="_old.Customer.state" t="T">WI</V><V k="Customer_zip_attribKey" t="T">53141</V><V k="_old.Customer.zip" t="T">53141</V><V k="Customer_phone_attribKey" t="T">4145556799</V><V k="_old.Customer.phone" t="T">4145556799</V><V k="Customer_company_name_attribKey" t="T">Wyse Corp.</V><V k="_old.Customer.company_name" t="T">Wyse Corp.</V></VS><VS k="100031" s=""><V k="_surrogateKey" t="T">100031</V><V k="Customer_id_attribKey" t="N">131</V><V k="_old.Customer.id" t="N">131</V><V k="Customer_fname_attribKey" t="T">Daljit</V><V k="_old.Customer.fname" t="T">Daljit</V><V k="Customer_lname_attribKey" t="T">Sinnot</V><V k="_old.Customer.lname" t="T">Sinnot</V><V k="Customer_address_attribKey" t="T">145 Presidents Landing </V><V k="_old.Customer.address" t="T">145 Presidents Landing </V><V k="Customer_city_attribKey" t="T">Bohemia</V><V k="_old.Customer.city" t="T">Bohemia</V><V k="Customer_state_attribKey" t="T">NY</V><V k="_old.Customer.state" t="T">NY</V><V k="Customer_zip_attribKey" t="T">11716</V><V k="_old.Customer.zip" t="T">11716</V><V k="Customer_phone_attribKey" t="T">5165559811</V><V k="_old.Customer.phone" t="T">5165559811</V><V k="Customer_company_name_attribKey" t="T">The Pro Shopp</V><V k="_old.Customer.company_name" t="T">The Pro Shopp</V></VS><VS k="100032" s=""><V k="_surrogateKey" t="T">100032</V><V k="Customer_id_attribKey" t="N">132</V><V k="_old.Customer.id" t="N">132</V><V k="Customer_fname_attribKey" t="T">Marilyn</V><V k="_old.Customer.fname" t="T">Marilyn</V><V k="Customer_lname_attribKey" t="T">King</V><V k="_old.Customer.lname" t="T">King</V><V k="Customer_address_attribKey" t="T">167 South Ulster</V><V k="_old.Customer.address" t="T">167 South Ulster</V><V k="Customer_city_attribKey" t="T">Fort Wayne</V><V k="_old.Customer.city" t="T">Fort Wayne</V><V k="Customer_state_attribKey" t="T">IN</V><V k="_old.Customer.state" t="T">IN</V><V k="Customer_zip_attribKey" t="T">46801</V><V k="_old.Customer.zip" t="T">46801</V><V k="Customer_phone_attribKey" t="T">2195554551</V><V k="_old.Customer.phone" t="T">2195554551</V><V k="Customer_company_name_attribKey" t="T">Bristol Co.</V><V k="_old.Customer.company_name" t="T">Bristol Co.</V></VS><VS k="100033" s=""><V k="_surrogateKey" t="T">100033</V><V k="Customer_id_attribKey" t="N">133</V><V k="_old.Customer.id" t="N">133</V><V k="Customer_fname_attribKey" t="T">Moe</V><V k="_old.Customer.fname" t="T">Moe</V><V k="Customer_lname_attribKey" t="T">Bilhome</V><V k="_old.Customer.lname" t="T">Bilhome</V><V k="Customer_address_attribKey" t="T">180 W. Colfax Avenue </V><V k="_old.Customer.address" t="T">180 W. Colfax Avenue </V><V k="Customer_city_attribKey" t="T">Burbank</V><V k="_old.Customer.city" t="T">Burbank</V><V k="Customer_state_attribKey" t="T">CA</V><V k="_old.Customer.state" t="T">CA</V><V k="Customer_zip_attribKey" t="T">91505</V><V k="_old.Customer.zip" t="T">91505</V><V k="Customer_phone_attribKey" t="T">8185558455</V><V k="_old.Customer.phone" t="T">8185558455</V><V k="Customer_company_name_attribKey" t="T">Bilhome Industries</V><V k="_old.Customer.company_name" t="T">Bilhome Industries</V></VS><VS k="100034" s=""><V k="_surrogateKey" t="T">100034</V><V k="Customer_id_attribKey" t="N">134</V><V k="_old.Customer.id" t="N">134</V><V k="Customer_fname_attribKey" t="T">Paddy</V><V k="_old.Customer.fname" t="T">Paddy</V><V k="Customer_lname_attribKey" t="T">O'Furniture</V><V k="_old.Customer.lname" t="T">O'Furniture</V><V k="Customer_address_attribKey" t="T">1180 W. Las Colinas </V><V k="_old.Customer.address" t="T">1180 W. Las Colinas </V><V k="Customer_city_attribKey" t="T">Mogadore</V><V k="_old.Customer.city" t="T">Mogadore</V><V k="Customer_state_attribKey" t="T">OH</V><V k="_old.Customer.state" t="T">OH</V><V k="Customer_zip_attribKey" t="T">44260</V><V k="_old.Customer.zip" t="T">44260</V><V k="Customer_phone_attribKey" t="T">2165556283</V><V k="_old.Customer.phone" t="T">2165556283</V><V k="Customer_company_name_attribKey" t="T">Gifts &amp; Things</V><V k="_old.Customer.company_name" t="T">Gifts &amp; Things</V></VS><VS k="100035" s=""><V k="_surrogateKey" t="T">100035</V><V k="Customer_id_attribKey" t="N">135</V><V k="_old.Customer.id" t="N">135</V><V k="Customer_fname_attribKey" t="T">Belinda</V><V k="_old.Customer.fname" t="T">Belinda</V><V k="Customer_lname_attribKey" t="T">Clarke</V><V k="_old.Customer.lname" t="T">Clarke</V><V k="Customer_address_attribKey" t="T">204 Constitution Avenue </V><V k="_old.Customer.address" t="T">204 Constitution Avenue </V><V k="Customer_city_attribKey" t="T">New York</V><V k="_old.Customer.city" t="T">New York</V><V k="Customer_state_attribKey" t="T">NY</V><V k="_old.Customer.state" t="T">NY</V><V k="Customer_zip_attribKey" t="T">10001</V><V k="_old.Customer.zip" t="T">10001</V><V k="Customer_phone_attribKey" t="T">2125555026</V><V k="_old.Customer.phone" t="T">2125555026</V><V k="Customer_company_name_attribKey" t="T">Hermanns</V><V k="_old.Customer.company_name" t="T">Hermanns</V></VS><VS k="100036" s=""><V k="_surrogateKey" t="T">100036</V><V k="Customer_id_attribKey" t="N">136</V><V k="_old.Customer.id" t="N">136</V><V k="Customer_fname_attribKey" t="T">Tommie</V><V k="_old.Customer.fname" t="T">Tommie</V><V k="Customer_lname_attribKey" t="T">Wooten</V><V k="_old.Customer.lname" t="T">Wooten</V><V k="Customer_address_attribKey" t="T">1322 Hing Wai Building </V><V k="_old.Customer.address" t="T">1322 Hing Wai Building </V><V k="Customer_city_attribKey" t="T">Plymouth</V><V k="_old.Customer.city" t="T">Plymouth</V><V k="Customer_state_attribKey" t="T">MN</V><V k="_old.Customer.state" t="T">MN</V><V k="Customer_zip_attribKey" t="T">55447</V><V k="_old.Customer.zip" t="T">55447</V><V k="Customer_phone_attribKey" t="T">6125553373</V><V k="_old.Customer.phone" t="T">6125553373</V><V k="Customer_company_name_attribKey" t="T">Leisure Time</V><V k="_old.Customer.company_name" t="T">Leisure Time</V></VS><VS k="100037" s=""><V k="_surrogateKey" t="T">100037</V><V k="Customer_id_attribKey" t="N">137</V><V k="_old.Customer.id" t="N">137</V><V k="Customer_fname_attribKey" t="T">Polly</V><V k="_old.Customer.fname" t="T">Polly</V><V k="Customer_lname_attribKey" t="T">Morfek</V><V k="_old.Customer.lname" t="T">Morfek</V><V k="Customer_address_attribKey" t="T">879 Hopyard Road </V><V k="_old.Customer.address" t="T">879 Hopyard Road </V><V k="Customer_city_attribKey" t="T">Ft. Wayne</V><V k="_old.Customer.city" t="T">Ft. Wayne</V><V k="Customer_state_attribKey" t="T">IN</V><V k="_old.Customer.state" t="T">IN</V><V k="Customer_zip_attribKey" t="T">46808</V><V k="_old.Customer.zip" t="T">46808</V><V k="Customer_phone_attribKey" t="T">2195554297</V><V k="_old.Customer.phone" t="T">2195554297</V><V k="Customer_company_name_attribKey" t="T">Sports Plus</V><V k="_old.Customer.company_name" t="T">Sports Plus</V></VS><VS k="100038" s=""><V k="_surrogateKey" t="T">100038</V><V k="Customer_id_attribKey" t="N">138</V><V k="_old.Customer.id" t="N">138</V><V k="Customer_fname_attribKey" t="T">Regus</V><V k="_old.Customer.fname" t="T">Regus</V><V k="Customer_lname_attribKey" t="T">Patoff</V><V k="_old.Customer.lname" t="T">Patoff</V><V k="Customer_address_attribKey" t="T">22 James Way </V><V k="_old.Customer.address" t="T">22 James Way </V><V k="Customer_city_attribKey" t="T">Burlington</V><V k="_old.Customer.city" t="T">Burlington</V><V k="Customer_state_attribKey" t="T">ON</V><V k="_old.Customer.state" t="T">ON</V><V k="Customer_zip_attribKey" t="T">L7N 5L1</V><V k="_old.Customer.zip" t="T">L7N 5L1</V><V k="Customer_phone_attribKey" t="T">9065554252</V><V k="_old.Customer.phone" t="T">9065554252</V><V k="Customer_company_name_attribKey" t="T">Sports Replay</V><V k="_old.Customer.company_name" t="T">Sports Replay</V></VS><VS k="100039" s=""><V k="_surrogateKey" t="T">100039</V><V k="Customer_id_attribKey" t="N">139</V><V k="_old.Customer.id" t="N">139</V><V k="Customer_fname_attribKey" t="T">Jai</V><V k="_old.Customer.fname" t="T">Jai</V><V k="Customer_lname_attribKey" t="T">Dimitros</V><V k="_old.Customer.lname" t="T">Dimitros</V><V k="Customer_address_attribKey" t="T">236 Marineship Way </V><V k="_old.Customer.address" t="T">236 Marineship Way </V><V k="Customer_city_attribKey" t="T">Boston</V><V k="_old.Customer.city" t="T">Boston</V><V k="Customer_state_attribKey" t="T">MA</V><V k="_old.Customer.state" t="T">MA</V><V k="Customer_zip_attribKey" t="T">02201</V><V k="_old.Customer.zip" t="T">02201</V><V k="Customer_phone_attribKey" t="T">6175556354</V><V k="_old.Customer.phone" t="T">6175556354</V><V k="Customer_company_name_attribKey" t="T">Martins Landing</V><V k="_old.Customer.company_name" t="T">Martins Landing</V></VS><VS k="100040" s=""><V k="_surrogateKey" t="T">100040</V><V k="Customer_id_attribKey" t="N">140</V><V k="_old.Customer.id" t="N">140</V><V k="Customer_fname_attribKey" t="T">Thomas</V><V k="_old.Customer.fname" t="T">Thomas</V><V k="Customer_lname_attribKey" t="T">Thumb</V><V k="_old.Customer.lname" t="T">Thumb</V><V k="Customer_address_attribKey" t="T">250 North Vine Street </V><V k="_old.Customer.address" t="T">250 North Vine Street </V><V k="Customer_city_attribKey" t="T">Salt Lake City</V><V k="_old.Customer.city" t="T">Salt Lake City</V><V k="Customer_state_attribKey" t="T">UT</V><V k="_old.Customer.state" t="T">UT</V><V k="Customer_zip_attribKey" t="T">84180</V><V k="_old.Customer.zip" t="T">84180</V><V k="Customer_phone_attribKey" t="T">8015553550</V><V k="_old.Customer.phone" t="T">8015553550</V><V k="Customer_company_name_attribKey" t="T">Ski,Ski,Ski</V><V k="_old.Customer.company_name" t="T">Ski,Ski,Ski</V></VS><VS k="100041" s=""><V k="_surrogateKey" t="T">100041</V><V k="Customer_id_attribKey" t="N">141</V><V k="_old.Customer.id" t="N">141</V><V k="Customer_fname_attribKey" t="T">Peter</V><V k="_old.Customer.fname" t="T">Peter</V><V k="Customer_lname_attribKey" t="T">Pyper</V><V k="_old.Customer.lname" t="T">Pyper</V><V k="Customer_address_attribKey" t="T">408 Beta Mall</V><V k="_old.Customer.address" t="T">408 Beta Mall</V><V k="Customer_city_attribKey" t="T">Fort Wayne</V><V k="_old.Customer.city" t="T">Fort Wayne</V><V k="Customer_state_attribKey" t="T">IN</V><V k="_old.Customer.state" t="T">IN</V><V k="Customer_zip_attribKey" t="T">46801</V><V k="_old.Customer.zip" t="T">46801</V><V k="Customer_phone_attribKey" t="T">2195554552</V><V k="_old.Customer.phone" t="T">2195554552</V><V k="Customer_company_name_attribKey" t="T">Mall Side Sports</V><V k="_old.Customer.company_name" t="T">Mall Side Sports</V></VS><VS k="100042" s=""><V k="_surrogateKey" t="T">100042</V><V k="Customer_id_attribKey" t="N">142</V><V k="_old.Customer.id" t="N">142</V><V k="Customer_fname_attribKey" t="T">Alfredo</V><V k="_old.Customer.fname" t="T">Alfredo</V><V k="Customer_lname_attribKey" t="T">Margolis</V><V k="_old.Customer.lname" t="T">Margolis</V><V k="Customer_address_attribKey" t="T">400 Bloor Street East</V><V k="_old.Customer.address" t="T">400 Bloor Street East</V><V k="Customer_city_attribKey" t="T">Kansas City</V><V k="_old.Customer.city" t="T">Kansas City</V><V k="Customer_state_attribKey" t="T">MO</V><V k="_old.Customer.state" t="T">MO</V><V k="Customer_zip_attribKey" t="T">64114</V><V k="_old.Customer.zip" t="T">64114</V><V k="Customer_phone_attribKey" t="T">8165558543</V><V k="_old.Customer.phone" t="T">8165558543</V><V k="Customer_company_name_attribKey" t="T">Creative Customs Inc.</V><V k="_old.Customer.company_name" t="T">Creative Customs Inc.</V></VS><VS k="100043" s=""><V k="_surrogateKey" t="T">100043</V><V k="Customer_id_attribKey" t="N">143</V><V k="_old.Customer.id" t="N">143</V><V k="Customer_fname_attribKey" t="T">Peter</V><V k="_old.Customer.fname" t="T">Peter</V><V k="Customer_lname_attribKey" t="T">Piper</V><V k="_old.Customer.lname" t="T">Piper</V><V k="Customer_address_attribKey" t="T">3100 Stevens Creek Blvd. </V><V k="_old.Customer.address" t="T">3100 Stevens Creek Blvd. </V><V k="Customer_city_attribKey" t="T">Winnipeg</V><V k="_old.Customer.city" t="T">Winnipeg</V><V k="Customer_state_attribKey" t="T">MB</V><V k="_old.Customer.state" t="T">MB</V><V k="Customer_zip_attribKey" t="T">R3C 3V6</V><V k="_old.Customer.zip" t="T">R3C 3V6</V><V k="Customer_phone_attribKey" t="T">2045559414</V><V k="_old.Customer.phone" t="T">2045559414</V><V k="Customer_company_name_attribKey" t="T">Molly's</V><V k="_old.Customer.company_name" t="T">Molly's</V></VS><VS k="100044" s=""><V k="_surrogateKey" t="T">100044</V><V k="Customer_id_attribKey" t="N">144</V><V k="_old.Customer.id" t="N">144</V><V k="Customer_fname_attribKey" t="T">Fangmei</V><V k="_old.Customer.fname" t="T">Fangmei</V><V k="Customer_lname_attribKey" t="T">Wan</V><V k="_old.Customer.lname" t="T">Wan</V><V k="Customer_address_attribKey" t="T">4513 E. Hillsdale </V><V k="_old.Customer.address" t="T">4513 E. Hillsdale </V><V k="Customer_city_attribKey" t="T">Stowe</V><V k="_old.Customer.city" t="T">Stowe</V><V k="Customer_state_attribKey" t="T">MA</V><V k="_old.Customer.state" t="T">MA</V><V k="Customer_zip_attribKey" t="T">01775</V><V k="_old.Customer.zip" t="T">01775</V><V k="Customer_phone_attribKey" t="T">5085558979</V><V k="_old.Customer.phone" t="T">5085558979</V><V k="Customer_company_name_attribKey" t="T">Green Acre's Custom Tee's</V><V k="_old.Customer.company_name" t="T">Green Acre's Custom Tee's</V></VS><VS k="100045" s=""><V k="_surrogateKey" t="T">100045</V><V k="Customer_id_attribKey" t="N">145</V><V k="_old.Customer.id" t="N">145</V><V k="Customer_fname_attribKey" t="T">John</V><V k="_old.Customer.fname" t="T">John</V><V k="Customer_lname_attribKey" t="T">Doe</V><V k="_old.Customer.lname" t="T">Doe</V><V k="Customer_address_attribKey" t="T">357 Wellworth Ave </V><V k="_old.Customer.address" t="T">357 Wellworth Ave </V><V k="Customer_city_attribKey" t="T">Fairfax</V><V k="_old.Customer.city" t="T">Fairfax</V><V k="Customer_state_attribKey" t="T">VA</V><V k="_old.Customer.state" t="T">VA</V><V k="Customer_zip_attribKey" t="T">22030</V><V k="_old.Customer.zip" t="T">22030</V><V k="Customer_phone_attribKey" t="T">7035552184</V><V k="_old.Customer.phone" t="T">7035552184</V><V k="Customer_company_name_attribKey" t="T">Doe, Rae, Mee</V><V k="_old.Customer.company_name" t="T">Doe, Rae, Mee</V></VS><VS k="100046" s=""><V k="_surrogateKey" t="T">100046</V><V k="Customer_id_attribKey" t="N">146</V><V k="_old.Customer.id" t="N">146</V><V k="Customer_fname_attribKey" t="T">Alberto</V><V k="_old.Customer.fname" t="T">Alberto</V><V k="Customer_lname_attribKey" t="T">Yost</V><V k="_old.Customer.lname" t="T">Yost</V><V k="Customer_address_attribKey" t="T">375 White Horse Road </V><V k="_old.Customer.address" t="T">375 White Horse Road </V><V k="Customer_city_attribKey" t="T">Spokane</V><V k="_old.Customer.city" t="T">Spokane</V><V k="Customer_state_attribKey" t="T">WA</V><V k="_old.Customer.state" t="T">WA</V><V k="Customer_zip_attribKey" t="T">99216</V><V k="_old.Customer.zip" t="T">99216</V><V k="Customer_phone_attribKey" t="T">5095559276</V><V k="_old.Customer.phone" t="T">5095559276</V><V k="Customer_company_name_attribKey" t="T">Custom Designs</V><V k="_old.Customer.company_name" t="T">Custom Designs</V></VS><VS k="100047" s=""><V k="_surrogateKey" t="T">100047</V><V k="Customer_id_attribKey" t="N">147</V><V k="_old.Customer.id" t="N">147</V><V k="Customer_fname_attribKey" t="T">Manoj</V><V k="_old.Customer.fname" t="T">Manoj</V><V k="Customer_lname_attribKey" t="T">Lela</V><V k="_old.Customer.lname" t="T">Lela</V><V k="Customer_address_attribKey" t="T">501 Third Avenue North </V><V k="_old.Customer.address" t="T">501 Third Avenue North </V><V k="Customer_city_attribKey" t="T">Wood Bridge</V><V k="_old.Customer.city" t="T">Wood Bridge</V><V k="Customer_state_attribKey" t="T">NJ</V><V k="_old.Customer.state" t="T">NJ</V><V k="Customer_zip_attribKey" t="T">07095</V><V k="_old.Customer.zip" t="T">07095</V><V k="Customer_phone_attribKey" t="T">9085556021</V><V k="_old.Customer.phone" t="T">9085556021</V><V k="Customer_company_name_attribKey" t="T">Norton Co.</V><V k="_old.Customer.company_name" t="T">Norton Co.</V></VS><VS k="100048" s=""><V k="_surrogateKey" t="T">100048</V><V k="Customer_id_attribKey" t="N">148</V><V k="_old.Customer.id" t="N">148</V><V k="Customer_fname_attribKey" t="T">Beth</V><V k="_old.Customer.fname" t="T">Beth</V><V k="Customer_lname_attribKey" t="T">Crooker</V><V k="_old.Customer.lname" t="T">Crooker</V><V k="Customer_address_attribKey" t="T">501 College Road </V><V k="_old.Customer.address" t="T">501 College Road </V><V k="Customer_city_attribKey" t="T">Winnepeg</V><V k="_old.Customer.city" t="T">Winnepeg</V><V k="Customer_state_attribKey" t="T">MB</V><V k="_old.Customer.state" t="T">MB</V><V k="Customer_zip_attribKey" t="T">R3C 2P4</V><V k="_old.Customer.zip" t="T">R3C 2P4</V><V k="Customer_phone_attribKey" t="T">2045555554</V><V k="_old.Customer.phone" t="T">2045555554</V><V k="Customer_company_name_attribKey" t="T">Cooper Inc.</V><V k="_old.Customer.company_name" t="T">Cooper Inc.</V></VS><VS k="100049" s=""><V k="_surrogateKey" t="T">100049</V><V k="Customer_id_attribKey" t="N">149</V><V k="_old.Customer.id" t="N">149</V><V k="Customer_fname_attribKey" t="T">Hans</V><V k="_old.Customer.fname" t="T">Hans</V><V k="Customer_lname_attribKey" t="T">Uhnfitte</V><V k="_old.Customer.lname" t="T">Uhnfitte</V><V k="Customer_address_attribKey" t="T">3700 West Wacker Dr </V><V k="_old.Customer.address" t="T">3700 West Wacker Dr </V><V k="Customer_city_attribKey" t="T">Winnepeg</V><V k="_old.Customer.city" t="T">Winnepeg</V><V k="Customer_state_attribKey" t="T">MB</V><V k="_old.Customer.state" t="T">MB</V><V k="Customer_zip_attribKey" t="T">R3C `2P4</V><V k="_old.Customer.zip" t="T">R3C `2P4</V><V k="Customer_phone_attribKey" t="T">2045554744</V><V k="_old.Customer.phone" t="T">2045554744</V><V k="Customer_company_name_attribKey" t="T">The Ultimate </V><V k="_old.Customer.company_name" t="T">The Ultimate </V></VS><VS k="100050" s=""><V k="_surrogateKey" t="T">100050</V><V k="Customer_id_attribKey" t="N">150</V><V k="_old.Customer.id" t="N">150</V><V k="Customer_fname_attribKey" t="T">Carl</V><V k="_old.Customer.fname" t="T">Carl</V><V k="Customer_lname_attribKey" t="T">Mason</V><V k="_old.Customer.lname" t="T">Mason</V><V k="Customer_address_attribKey" t="T">1000 Powell Street </V><V k="_old.Customer.address" t="T">1000 Powell Street </V><V k="Customer_city_attribKey" t="T">Don Mills</V><V k="_old.Customer.city" t="T">Don Mills</V><V k="Customer_state_attribKey" t="T">ON</V><V k="_old.Customer.state" t="T">ON</V><V k="Customer_zip_attribKey" t="T">M3C 3N4</V><V k="_old.Customer.zip" t="T">M3C 3N4</V><V k="Customer_phone_attribKey" t="T">4165555108</V><V k="_old.Customer.phone" t="T">4165555108</V><V k="Customer_company_name_attribKey" t="T">Power Play</V><V k="_old.Customer.company_name" t="T">Power Play</V></VS><VS k="100051" s=""><V k="_surrogateKey" t="T">100051</V><V k="Customer_id_attribKey" t="N">151</V><V k="_old.Customer.id" t="N">151</V><V k="Customer_fname_attribKey" t="T">Balwinder</V><V k="_old.Customer.fname" t="T">Balwinder</V><V k="Customer_lname_attribKey" t="T">Sinitskaya</V><V k="_old.Customer.lname" t="T">Sinitskaya</V><V k="Customer_address_attribKey" t="T">1133 Century Blvd </V><V k="_old.Customer.address" t="T">1133 Century Blvd </V><V k="Customer_city_attribKey" t="T">Overland Park</V><V k="_old.Customer.city" t="T">Overland Park</V><V k="Customer_state_attribKey" t="T">KS</V><V k="_old.Customer.state" t="T">KS</V><V k="Customer_zip_attribKey" t="T">66210</V><V k="_old.Customer.zip" t="T">66210</V><V k="Customer_phone_attribKey" t="T">9135554519</V><V k="_old.Customer.phone" t="T">9135554519</V><V k="Customer_company_name_attribKey" t="T">Toto's Active Wear</V><V k="_old.Customer.company_name" t="T">Toto's Active Wear</V></VS><VS k="100052" s=""><V k="_surrogateKey" t="T">100052</V><V k="Customer_id_attribKey" t="N">152</V><V k="_old.Customer.id" t="N">152</V><V k="Customer_fname_attribKey" t="T">Davey</V><V k="_old.Customer.fname" t="T">Davey</V><V k="Customer_lname_attribKey" t="T">Jones</V><V k="_old.Customer.lname" t="T">Jones</V><V k="Customer_address_attribKey" t="T">1218 Inelt Business Ctr. </V><V k="_old.Customer.address" t="T">1218 Inelt Business Ctr. </V><V k="Customer_city_attribKey" t="T">Austin</V><V k="_old.Customer.city" t="T">Austin</V><V k="Customer_state_attribKey" t="T">NY</V><V k="_old.Customer.state" t="T">NY</V><V k="Customer_zip_attribKey" t="T">11746</V><V k="_old.Customer.zip" t="T">11746</V><V k="Customer_phone_attribKey" t="T">5165555952</V><V k="_old.Customer.phone" t="T">5165555952</V><V k="Customer_company_name_attribKey" t="T">Play it again Sports</V><V k="_old.Customer.company_name" t="T">Play it again Sports</V></VS><VS k="100053" s=""><V k="_surrogateKey" t="T">100053</V><V k="Customer_id_attribKey" t="N">153</V><V k="_old.Customer.id" t="N">153</V><V k="Customer_fname_attribKey" t="T">Paul</V><V k="_old.Customer.fname" t="T">Paul</V><V k="Customer_lname_attribKey" t="T">Jones</V><V k="_old.Customer.lname" t="T">Jones</V><V k="Customer_address_attribKey" t="T">1221 Innovation Drive </V><V k="_old.Customer.address" t="T">1221 Innovation Drive </V><V k="Customer_city_attribKey" t="T">Cincinnati</V><V k="_old.Customer.city" t="T">Cincinnati</V><V k="Customer_state_attribKey" t="T">OH</V><V k="_old.Customer.state" t="T">OH</V><V k="Customer_zip_attribKey" t="T">45202</V><V k="_old.Customer.zip" t="T">45202</V><V k="Customer_phone_attribKey" t="T">5135557622</V><V k="_old.Customer.phone" t="T">5135557622</V><V k="Customer_company_name_attribKey" t="T">Three Rivers Pro Shop</V><V k="_old.Customer.company_name" t="T">Three Rivers Pro Shop</V></VS><VS k="100054" s=""><V k="_surrogateKey" t="T">100054</V><V k="Customer_id_attribKey" t="N">154</V><V k="_old.Customer.id" t="N">154</V><V k="Customer_fname_attribKey" t="T">Marvin</V><V k="_old.Customer.fname" t="T">Marvin</V><V k="Customer_lname_attribKey" t="T">Smythe</V><V k="_old.Customer.lname" t="T">Smythe</V><V k="Customer_address_attribKey" t="T">1291 North 27th Ave </V><V k="_old.Customer.address" t="T">1291 North 27th Ave </V><V k="Customer_city_attribKey" t="T">North Miami</V><V k="_old.Customer.city" t="T">North Miami</V><V k="Customer_state_attribKey" t="T">FL</V><V k="_old.Customer.state" t="T">FL</V><V k="Customer_zip_attribKey" t="T">33181</V><V k="_old.Customer.zip" t="T">33181</V><V k="Customer_phone_attribKey" t="T">3055559457</V><V k="_old.Customer.phone" t="T">3055559457</V><V k="Customer_company_name_attribKey" t="T">Marlin Mainia</V><V k="_old.Customer.company_name" t="T">Marlin Mainia</V></VS><VS k="100055" s=""><V k="_surrogateKey" t="T">100055</V><V k="Customer_id_attribKey" t="N">155</V><V k="_old.Customer.id" t="N">155</V><V k="Customer_fname_attribKey" t="T">Milo</V><V k="_old.Customer.fname" t="T">Milo</V><V k="Customer_lname_attribKey" t="T">Phipps</V><V k="_old.Customer.lname" t="T">Phipps</V><V k="Customer_address_attribKey" t="T">1380 Osterbrogade </V><V k="_old.Customer.address" t="T">1380 Osterbrogade </V><V k="Customer_city_attribKey" t="T">Lakewood</V><V k="_old.Customer.city" t="T">Lakewood</V><V k="Customer_state_attribKey" t="T">OH</V><V k="_old.Customer.state" t="T">OH</V><V k="Customer_zip_attribKey" t="T">44107</V><V k="_old.Customer.zip" t="T">44107</V><V k="Customer_phone_attribKey" t="T">2165552264</V><V k="_old.Customer.phone" t="T">2165552264</V><V k="Customer_company_name_attribKey" t="T">Things Remembered</V><V k="_old.Customer.company_name" t="T">Things Remembered</V></VS><VS k="100056" s=""><V k="_surrogateKey" t="T">100056</V><V k="Customer_id_attribKey" t="N">156</V><V k="_old.Customer.id" t="N">156</V><V k="Customer_fname_attribKey" t="T">Sue</V><V k="_old.Customer.fname" t="T">Sue</V><V k="Customer_lname_attribKey" t="T">DuCode</V><V k="_old.Customer.lname" t="T">DuCode</V><V k="Customer_address_attribKey" t="T">1515 San Thomas Avenue </V><V k="_old.Customer.address" t="T">1515 San Thomas Avenue </V><V k="Customer_city_attribKey" t="T">St Louis</V><V k="_old.Customer.city" t="T">St Louis</V><V k="Customer_state_attribKey" t="T">MO</V><V k="_old.Customer.state" t="T">MO</V><V k="Customer_zip_attribKey" t="T">63131</V><V k="_old.Customer.zip" t="T">63131</V><V k="Customer_phone_attribKey" t="T">3145558227</V><V k="_old.Customer.phone" t="T">3145558227</V><V k="Customer_company_name_attribKey" t="T">Ozzie's Haven</V><V k="_old.Customer.company_name" t="T">Ozzie's Haven</V></VS><VS k="100057" s=""><V k="_surrogateKey" t="T">100057</V><V k="Customer_id_attribKey" t="N">157</V><V k="_old.Customer.id" t="N">157</V><V k="Customer_fname_attribKey" t="T">William</V><V k="_old.Customer.fname" t="T">William</V><V k="Customer_lname_attribKey" t="T">Watcom</V><V k="_old.Customer.lname" t="T">Watcom</V><V k="Customer_address_attribKey" t="T">1615 Silver Lake Road </V><V k="_old.Customer.address" t="T">1615 Silver Lake Road </V><V k="Customer_city_attribKey" t="T">Chicago</V><V k="_old.Customer.city" t="T">Chicago</V><V k="Customer_state_attribKey" t="T">IL</V><V k="_old.Customer.state" t="T">IL</V><V k="Customer_zip_attribKey" t="T">60645</V><V k="_old.Customer.zip" t="T">60645</V><V k="Customer_phone_attribKey" t="T">3125557433</V><V k="_old.Customer.phone" t="T">3125557433</V><V k="Customer_company_name_attribKey" t="T">The Cub's Den</V><V k="_old.Customer.company_name" t="T">The Cub's Den</V></VS><VS k="100058" s=""><V k="_surrogateKey" t="T">100058</V><V k="Customer_id_attribKey" t="N">158</V><V k="_old.Customer.id" t="N">158</V><V k="Customer_fname_attribKey" t="T">Jack</V><V k="_old.Customer.fname" t="T">Jack</V><V k="Customer_lname_attribKey" t="T">Cass</V><V k="_old.Customer.lname" t="T">Cass</V><V k="Customer_address_attribKey" t="T">3626 West Court Street </V><V k="_old.Customer.address" t="T">3626 West Court Street </V><V k="Customer_city_attribKey" t="T">Lexington</V><V k="_old.Customer.city" t="T">Lexington</V><V k="Customer_state_attribKey" t="T">MA</V><V k="_old.Customer.state" t="T">MA</V><V k="Customer_zip_attribKey" t="T">02173</V><V k="_old.Customer.zip" t="T">02173</V><V k="Customer_phone_attribKey" t="T">6175558610</V><V k="_old.Customer.phone" t="T">6175558610</V><V k="Customer_company_name_attribKey" t="T">Jordan's Basement</V><V k="_old.Customer.company_name" t="T">Jordan's Basement</V></VS><VS k="100059" s=""><V k="_surrogateKey" t="T">100059</V><V k="Customer_id_attribKey" t="N">159</V><V k="_old.Customer.id" t="N">159</V><V k="Customer_fname_attribKey" t="T">Rick</V><V k="_old.Customer.fname" t="T">Rick</V><V k="Customer_lname_attribKey" t="T">Shaw</V><V k="_old.Customer.lname" t="T">Shaw</V><V k="Customer_address_attribKey" t="T">3715 West Loop South </V><V k="_old.Customer.address" t="T">3715 West Loop South </V><V k="Customer_city_attribKey" t="T">West Bloomfield</V><V k="_old.Customer.city" t="T">West Bloomfield</V><V k="Customer_state_attribKey" t="T">MI</V><V k="_old.Customer.state" t="T">MI</V><V k="Customer_zip_attribKey" t="T">48324</V><V k="_old.Customer.zip" t="T">48324</V><V k="Customer_phone_attribKey" t="T">3135553638</V><V k="_old.Customer.phone" t="T">3135553638</V><V k="Customer_company_name_attribKey" t="T">ScrimShaw's</V><V k="_old.Customer.company_name" t="T">ScrimShaw's</V></VS><VS k="100060" s=""><V k="_surrogateKey" t="T">100060</V><V k="Customer_id_attribKey" t="N">160</V><V k="_old.Customer.id" t="N">160</V><V k="Customer_fname_attribKey" t="T">Clara</V><V k="_old.Customer.fname" t="T">Clara</V><V k="Customer_lname_attribKey" t="T">Nette</V><V k="_old.Customer.lname" t="T">Nette</V><V k="Customer_address_attribKey" t="T">3773 Wilshire Blvd </V><V k="_old.Customer.address" t="T">3773 Wilshire Blvd </V><V k="Customer_city_attribKey" t="T">Port Washington</V><V k="_old.Customer.city" t="T">Port Washington</V><V k="Customer_state_attribKey" t="T">NY</V><V k="_old.Customer.state" t="T">NY</V><V k="Customer_zip_attribKey" t="T">11050</V><V k="_old.Customer.zip" t="T">11050</V><V k="Customer_phone_attribKey" t="T">5165556250</V><V k="_old.Customer.phone" t="T">5165556250</V><V k="Customer_company_name_attribKey" t="T">Discount Department Store</V><V k="_old.Customer.company_name" t="T">Discount Department Store</V></VS><VS k="100061" s=""><V k="_surrogateKey" t="T">100061</V><V k="Customer_id_attribKey" t="N">161</V><V k="_old.Customer.id" t="N">161</V><V k="Customer_fname_attribKey" t="T">Gene</V><V k="_old.Customer.fname" t="T">Gene</V><V k="Customer_lname_attribKey" t="T">Poole</V><V k="_old.Customer.lname" t="T">Poole</V><V k="Customer_address_attribKey" t="T">3860 Vreeland Road </V><V k="_old.Customer.address" t="T">3860 Vreeland Road </V><V k="Customer_city_attribKey" t="T">Washington</V><V k="_old.Customer.city" t="T">Washington</V><V k="Customer_state_attribKey" t="T">DC</V><V k="_old.Customer.state" t="T">DC</V><V k="Customer_zip_attribKey" t="T">20581</V><V k="_old.Customer.zip" t="T">20581</V><V k="Customer_phone_attribKey" t="T">2025556537</V><V k="_old.Customer.phone" t="T">2025556537</V><V k="Customer_company_name_attribKey" t="T">State House Active Wear</V><V k="_old.Customer.company_name" t="T">State House Active Wear</V></VS><VS k="100062" s=""><V k="_surrogateKey" t="T">100062</V><V k="Customer_id_attribKey" t="N">162</V><V k="_old.Customer.id" t="N">162</V><V k="Customer_fname_attribKey" t="T">Melba</V><V k="_old.Customer.fname" t="T">Melba</V><V k="Customer_lname_attribKey" t="T">Toste</V><V k="_old.Customer.lname" t="T">Toste</V><V k="Customer_address_attribKey" t="T">3930 51st Ave North </V><V k="_old.Customer.address" t="T">3930 51st Ave North </V><V k="Customer_city_attribKey" t="T">Powell</V><V k="_old.Customer.city" t="T">Powell</V><V k="Customer_state_attribKey" t="T">OH</V><V k="_old.Customer.state" t="T">OH</V><V k="Customer_zip_attribKey" t="T">43065</V><V k="_old.Customer.zip" t="T">43065</V><V k="Customer_phone_attribKey" t="T">6145558983</V><V k="_old.Customer.phone" t="T">6145558983</V><V k="Customer_company_name_attribKey" t="T">The Real Deal</V><V k="_old.Customer.company_name" t="T">The Real Deal</V></VS><VS k="100063" s=""><V k="_surrogateKey" t="T">100063</V><V k="Customer_id_attribKey" t="N">163</V><V k="_old.Customer.id" t="N">163</V><V k="Customer_fname_attribKey" t="T">R.I.</V><V k="_old.Customer.fname" t="T">R.I.</V><V k="Customer_lname_attribKey" t="T">Peese</V><V k="_old.Customer.lname" t="T">Peese</V><V k="Customer_address_attribKey" t="T">4199 Buckingham </V><V k="_old.Customer.address" t="T">4199 Buckingham </V><V k="Customer_city_attribKey" t="T">Mississauga</V><V k="_old.Customer.city" t="T">Mississauga</V><V k="Customer_state_attribKey" t="T">ON</V><V k="_old.Customer.state" t="T">ON</V><V k="Customer_zip_attribKey" t="T">L4W 2S6</V><V k="_old.Customer.zip" t="T">L4W 2S6</V><V k="Customer_phone_attribKey" t="T">4165556026</V><V k="_old.Customer.phone" t="T">4165556026</V><V k="Customer_company_name_attribKey" t="T">Mount Eastern Sports</V><V k="_old.Customer.company_name" t="T">Mount Eastern Sports</V></VS><VS k="100064" s=""><V k="_surrogateKey" t="T">100064</V><V k="Customer_id_attribKey" t="N">164</V><V k="_old.Customer.id" t="N">164</V><V k="Customer_fname_attribKey" t="T">Aram</V><V k="_old.Customer.fname" t="T">Aram</V><V k="Customer_lname_attribKey" t="T">Najarian</V><V k="_old.Customer.lname" t="T">Najarian</V><V k="Customer_address_attribKey" t="T">200 Cambridge Center </V><V k="_old.Customer.address" t="T">200 Cambridge Center </V><V k="Customer_city_attribKey" t="T">Danbury</V><V k="_old.Customer.city" t="T">Danbury</V><V k="Customer_state_attribKey" t="T">CT</V><V k="_old.Customer.state" t="T">CT</V><V k="Customer_zip_attribKey" t="T">6811</V><V k="_old.Customer.zip" t="T">6811</V><V k="Customer_phone_attribKey" t="T">2035557907</V><V k="_old.Customer.phone" t="T">2035557907</V><V k="Customer_company_name_attribKey" t="T">Bloomfield's</V><V k="_old.Customer.company_name" t="T">Bloomfield's</V></VS><VS k="100065" s=""><V k="_surrogateKey" t="T">100065</V><V k="Customer_id_attribKey" t="N">165</V><V k="_old.Customer.id" t="N">165</V><V k="Customer_fname_attribKey" t="T">Tamara</V><V k="_old.Customer.fname" t="T">Tamara</V><V k="Customer_lname_attribKey" t="T">Mournen</V><V k="_old.Customer.lname" t="T">Mournen</V><V k="Customer_address_attribKey" t="T">42 Choke Cherry Road </V><V k="_old.Customer.address" t="T">42 Choke Cherry Road </V><V k="Customer_city_attribKey" t="T">Ft. Wayne</V><V k="_old.Customer.city" t="T">Ft. Wayne</V><V k="Customer_state_attribKey" t="T">IN</V><V k="_old.Customer.state" t="T">IN</V><V k="Customer_zip_attribKey" t="T">46808</V><V k="_old.Customer.zip" t="T">46808</V><V k="Customer_phone_attribKey" t="T">2195554297</V><V k="_old.Customer.phone" t="T">2195554297</V><V k="Customer_company_name_attribKey" t="T">Moran's Gift Shop</V><V k="_old.Customer.company_name" t="T">Moran's Gift Shop</V></VS><VS k="100066" s=""><V k="_surrogateKey" t="T">100066</V><V k="Customer_id_attribKey" t="N">166</V><V k="_old.Customer.id" t="N">166</V><V k="Customer_fname_attribKey" t="T">Malcolm</V><V k="_old.Customer.fname" t="T">Malcolm</V><V k="Customer_lname_attribKey" t="T">Naddem</V><V k="_old.Customer.lname" t="T">Naddem</V><V k="Customer_address_attribKey" t="T">4255 Commerce Parkway </V><V k="_old.Customer.address" t="T">4255 Commerce Parkway </V><V k="Customer_city_attribKey" t="T">Buford</V><V k="_old.Customer.city" t="T">Buford</V><V k="Customer_state_attribKey" t="T">GA</V><V k="_old.Customer.state" t="T">GA</V><V k="Customer_zip_attribKey" t="T">30518</V><V k="_old.Customer.zip" t="T">30518</V><V k="Customer_phone_attribKey" t="T">4045552529</V><V k="_old.Customer.phone" t="T">4045552529</V><V k="Customer_company_name_attribKey" t="T">Hospital Gift's</V><V k="_old.Customer.company_name" t="T">Hospital Gift's</V></VS><VS k="100067" s=""><V k="_surrogateKey" t="T">100067</V><V k="Customer_id_attribKey" t="N">167</V><V k="_old.Customer.id" t="N">167</V><V k="Customer_fname_attribKey" t="T">Nicklas</V><V k="_old.Customer.fname" t="T">Nicklas</V><V k="Customer_lname_attribKey" t="T">Cara</V><V k="_old.Customer.lname" t="T">Cara</V><V k="Customer_address_attribKey" t="T">1700 State Highway 249 </V><V k="_old.Customer.address" t="T">1700 State Highway 249 </V><V k="Customer_city_attribKey" t="T">Lakewood</V><V k="_old.Customer.city" t="T">Lakewood</V><V k="Customer_state_attribKey" t="T">OH</V><V k="_old.Customer.state" t="T">OH</V><V k="Customer_zip_attribKey" t="T">44107</V><V k="_old.Customer.zip" t="T">44107</V><V k="Customer_phone_attribKey" t="T">2165552264</V><V k="_old.Customer.phone" t="T">2165552264</V><V k="Customer_company_name_attribKey" t="T">The Road Side Inn</V><V k="_old.Customer.company_name" t="T">The Road Side Inn</V></VS><VS k="100068" s=""><V k="_surrogateKey" t="T">100068</V><V k="Customer_id_attribKey" t="N">168</V><V k="_old.Customer.id" t="N">168</V><V k="Customer_fname_attribKey" t="T">Almen</V><V k="_old.Customer.fname" t="T">Almen</V><V k="Customer_lname_attribKey" t="T">de Joie</V><V k="_old.Customer.lname" t="T">de Joie</V><V k="Customer_address_attribKey" t="T">1750 Sweitzer Lane </V><V k="_old.Customer.address" t="T">1750 Sweitzer Lane </V><V k="Customer_city_attribKey" t="T">Huntington Beach</V><V k="_old.Customer.city" t="T">Huntington Beach</V><V k="Customer_state_attribKey" t="T">CA</V><V k="_old.Customer.state" t="T">CA</V><V k="Customer_zip_attribKey" t="T">92649</V><V k="_old.Customer.zip" t="T">92649</V><V k="Customer_phone_attribKey" t="T">7145555475</V><V k="_old.Customer.phone" t="T">7145555475</V><V k="Customer_company_name_attribKey" t="T">Surf's Up!</V><V k="_old.Customer.company_name" t="T">Surf's Up!</V></VS><VS k="100069" s=""><V k="_surrogateKey" t="T">100069</V><V k="Customer_id_attribKey" t="N">169</V><V k="_old.Customer.id" t="N">169</V><V k="Customer_fname_attribKey" t="T">Laura</V><V k="_old.Customer.fname" t="T">Laura</V><V k="Customer_lname_attribKey" t="T">Terlemezian</V><V k="_old.Customer.lname" t="T">Terlemezian</V><V k="Customer_address_attribKey" t="T">240 First Street</V><V k="_old.Customer.address" t="T">240 First Street</V><V k="Customer_city_attribKey" t="T">Matthews</V><V k="_old.Customer.city" t="T">Matthews</V><V k="Customer_state_attribKey" t="T">NC</V><V k="_old.Customer.state" t="T">NC</V><V k="Customer_zip_attribKey" t="T">28105</V><V k="_old.Customer.zip" t="T">28105</V><V k="Customer_phone_attribKey" t="T">7045558411</V><V k="_old.Customer.phone" t="T">7045558411</V><V k="Customer_company_name_attribKey" t="T">CoMed</V><V k="_old.Customer.company_name" t="T">CoMed</V></VS><VS k="100070" s=""><V k="_surrogateKey" t="T">100070</V><V k="Customer_id_attribKey" t="N">170</V><V k="_old.Customer.id" t="N">170</V><V k="Customer_fname_attribKey" t="T">Manh</V><V k="_old.Customer.fname" t="T">Manh</V><V k="Customer_lname_attribKey" t="T">Neubauer</V><V k="_old.Customer.lname" t="T">Neubauer</V><V k="Customer_address_attribKey" t="T">2140 Haddington Street </V><V k="_old.Customer.address" t="T">2140 Haddington Street </V><V k="Customer_city_attribKey" t="T">Jacksonville</V><V k="_old.Customer.city" t="T">Jacksonville</V><V k="Customer_state_attribKey" t="T">FL</V><V k="_old.Customer.state" t="T">FL</V><V k="Customer_zip_attribKey" t="T">32206</V><V k="_old.Customer.zip" t="T">32206</V><V k="Customer_phone_attribKey" t="T">9045553551</V><V k="_old.Customer.phone" t="T">9045553551</V><V k="Customer_company_name_attribKey" t="T">Jason's Sporting Goods</V><V k="_old.Customer.company_name" t="T">Jason's Sporting Goods</V></VS><VS k="100071" s=""><V k="_surrogateKey" t="T">100071</V><V k="Customer_id_attribKey" t="N">171</V><V k="_old.Customer.id" t="N">171</V><V k="Customer_fname_attribKey" t="T">Vincent</V><V k="_old.Customer.fname" t="T">Vincent</V><V k="Customer_lname_attribKey" t="T">Nahra</V><V k="_old.Customer.lname" t="T">Nahra</V><V k="Customer_address_attribKey" t="T">2180 Harwin Drive </V><V k="_old.Customer.address" t="T"></VS>